time,state_1,state_2,state_3,state_4,state_5,state_6,state_7,state_8,state_9,state_10,state_11,state_12
0.0004,0.989494,0.002762,0.003856,0.003876,0.0,0.0,8e-06,4e-06,0.0,0.0,0.0,0.0
0.0008,0.979476,0.005332,0.007612,0.00751,0.0,2e-05,2.6e-05,2.4e-05,0.0,0.0,0.0,0.0
0.0012000000000000001,0.97011,0.007798,0.011056,0.010878,0.0,4.2e-05,6.8e-05,4.8e-05,0.0,0.0,0.0,0.0
0.0016,0.961284,0.01007,0.014404,0.013966,2e-06,7.8e-05,0.000112,8.4e-05,0.0,0.0,0.0,0.0
0.002,0.9526,0.012194,0.017692,0.017108,0.0,0.000118,0.000174,0.000114,0.0,0.0,0.0,0.0
0.0024000000000000002,0.944352,0.014284,0.020792,0.020036,0.0,0.000134,0.000228,0.000174,0.0,0.0,0.0,0.0
0.0028000000000000004,0.93676,0.016188,0.023588,0.022796,0.0,0.000164,0.000296,0.000204,4e-06,0.0,0.0,0.0
0.0032,0.929296,0.018098,0.026382,0.025354,2e-06,0.00021,0.00039,0.000264,4e-06,0.0,0.0,0.0
0.0036000000000000003,0.922638,0.01973,0.028998,0.02761,4e-06,0.000256,0.00044,0.000322,2e-06,0.0,0.0,0.0
0.004,0.915936,0.021394,0.031662,0.029768,2e-06,0.000314,0.000518,0.000402,2e-06,0.0,2e-06,0.0
0.0044,0.91008,0.022922,0.034022,0.03157,2e-06,0.000376,0.000582,0.000442,2e-06,0.0,2e-06,0.0
0.0048000000000000004,0.904316,0.024274,0.03629,0.033518,4e-06,0.000434,0.000662,0.000498,2e-06,0.0,2e-06,0.0
0.005200000000000001,0.898658,0.025606,0.038546,0.035376,4e-06,0.0005,0.000728,0.000576,2e-06,0.0,4e-06,0.0
0.005600000000000001,0.893164,0.026854,0.040728,0.037192,2e-06,0.000552,0.00083,0.00067,2e-06,0.0,6e-06,0.0
0.006,0.888172,0.027972,0.042534,0.038998,2e-06,0.00064,0.000924,0.000748,2e-06,0.0,8e-06,0.0
0.0064,0.883202,0.029182,0.044498,0.040636,2e-06,0.000688,0.00098,0.000798,6e-06,0.0,8e-06,0.0
0.0068000000000000005,0.878644,0.030182,0.04642,0.04207,2e-06,0.00072,0.001048,0.000892,1e-05,0.0,1.2e-05,0.0
0.007200000000000001,0.874076,0.031282,0.048314,0.043434,6e-06,0.000758,0.001134,0.000974,1.4e-05,0.0,8e-06,0.0
0.007600000000000001,0.870156,0.032222,0.049772,0.044702,6e-06,0.000834,0.001234,0.00104,2e-05,0.0,1.4e-05,0.0
0.008,0.866334,0.033228,0.051302,0.045824,8e-06,0.000862,0.001296,0.001104,2.6e-05,0.0,1.6e-05,0.0
0.0084,0.862696,0.034056,0.052766,0.046962,1.2e-05,0.00092,0.00139,0.001154,2.6e-05,0.0,1.8e-05,0.0
0.0088,0.859202,0.03489,0.054082,0.048128,1.6e-05,0.00096,0.00149,0.001186,2.2e-05,0.0,2.4e-05,0.0
0.0092,0.856098,0.035594,0.055416,0.048954,2e-05,0.001008,0.00157,0.001294,2.4e-05,0.0,2.2e-05,0.0
0.0096,0.853084,0.036386,0.05658,0.049814,2e-05,0.001064,0.001628,0.001378,2.4e-05,0.0,2.2e-05,0.0
0.01,0.85025,0.03707,0.057796,0.050564,2.4e-05,0.001096,0.001724,0.001434,2.2e-05,0.0,2e-05,0.0
0.0104,0.84758,0.037698,0.058778,0.051426,2.4e-05,0.001162,0.001806,0.001486,2e-05,0.0,2e-05,0.0
0.0108,0.845008,0.038292,0.060088,0.051904,2.2e-05,0.001218,0.001858,0.001566,1.6e-05,0.0,2.8e-05,0.0
0.0112,0.842262,0.039018,0.06104,0.052754,2.4e-05,0.001258,0.00194,0.001654,1.6e-05,0.0,3.4e-05,0.0
0.0116,0.839742,0.039624,0.061986,0.053498,2.8e-05,0.001324,0.002052,0.00169,1.6e-05,0.0,4e-05,0.0
0.012,0.837294,0.040224,0.062962,0.054286,3e-05,0.001334,0.002102,0.00172,1.4e-05,0.0,3.4e-05,0.0
0.0124,0.83521,0.040596,0.063968,0.054842,3.2e-05,0.00136,0.002152,0.001782,1.8e-05,0.0,4e-05,0.0
0.0128,0.833016,0.041164,0.064896,0.055346,3.2e-05,0.001428,0.002192,0.001856,2.2e-05,0.0,4.8e-05,0.0
0.0132,0.830916,0.041546,0.065818,0.056076,3.2e-05,0.001446,0.002194,0.001894,3.4e-05,0.0,4.4e-05,0.0
0.0136,0.829154,0.042014,0.066742,0.056306,3.4e-05,0.001448,0.002278,0.001948,3.4e-05,0.0,4.2e-05,0.0
0.014,0.827444,0.042288,0.067678,0.056668,3.4e-05,0.001474,0.0023,0.002024,4.4e-05,0.0,4.6e-05,0.0
0.0144,0.825886,0.042764,0.068338,0.056944,3.4e-05,0.001492,0.002362,0.002086,5.2e-05,0.0,4.2e-05,0.0
0.0148,0.823866,0.043402,0.06902,0.057552,3.6e-05,0.001498,0.002362,0.002164,5.2e-05,0.0,4.8e-05,0.0
0.0152,0.822216,0.043742,0.069738,0.057976,4.2e-05,0.001564,0.002436,0.002196,4.8e-05,0.0,4.2e-05,0.0
0.0156,0.82083,0.044088,0.070462,0.058212,4.4e-05,0.001594,0.002466,0.002216,4.8e-05,0.0,4e-05,0.0
0.016,0.819404,0.044358,0.071202,0.05855,4.8e-05,0.0016,0.00248,0.002268,4.2e-05,0.0,4.8e-05,0.0
0.0164,0.818042,0.044646,0.071868,0.05884,5.6e-05,0.001654,0.002474,0.002326,4e-05,0.0,5.4e-05,0.0
0.016800000000000002,0.817146,0.044812,0.07235,0.058986,6.2e-05,0.001716,0.002506,0.002316,4.4e-05,0.0,6.2e-05,0.0
0.017200000000000003,0.81576,0.045274,0.072862,0.059328,5.8e-05,0.001712,0.002546,0.002348,4.6e-05,0.0,6.6e-05,0.0
0.0176,0.814522,0.045632,0.073498,0.059538,5.2e-05,0.00172,0.002526,0.002384,6e-05,0.0,6.8e-05,0.0
0.018000000000000002,0.813252,0.045976,0.074056,0.05983,6.2e-05,0.001728,0.002552,0.002422,5e-05,0.0,7.2e-05,0.0
0.018400000000000003,0.812138,0.046204,0.074532,0.06015,6.8e-05,0.001736,0.00259,0.002458,4.6e-05,0.0,7.8e-05,0.0
0.0188,0.81098,0.046366,0.075114,0.060434,7e-05,0.001738,0.002654,0.002508,5.4e-05,0.0,8.2e-05,0.0
0.019200000000000002,0.81024,0.04656,0.075316,0.060704,7e-05,0.001748,0.002668,0.002552,6e-05,0.0,8.2e-05,0.0
0.019600000000000003,0.80945,0.046658,0.075696,0.060944,7.8e-05,0.00175,0.002688,0.002598,5.6e-05,0.0,8.2e-05,0.0
0.02,0.808762,0.046806,0.076066,0.06102,7.6e-05,0.001772,0.002742,0.002622,5.8e-05,0.0,7.6e-05,0.0
0.0204,0.807882,0.047112,0.076472,0.061136,7.8e-05,0.001766,0.002784,0.002644,5.8e-05,0.0,6.8e-05,0.0
0.020800000000000003,0.80728,0.047206,0.076742,0.061338,7.8e-05,0.001766,0.002814,0.00265,5.4e-05,0.0,7.2e-05,0.0
0.021200000000000004,0.806518,0.047406,0.077052,0.061538,8e-05,0.001794,0.002834,0.002646,5.2e-05,0.0,8e-05,0.0
0.0216,0.805566,0.047632,0.077452,0.061804,8e-05,0.00179,0.002878,0.00268,5.2e-05,0.0,6.6e-05,0.0
0.022000000000000002,0.805118,0.0475,0.077884,0.061826,8.2e-05,0.001846,0.002906,0.002718,5e-05,0.0,7e-05,0.0
0.022400000000000003,0.80428,0.047582,0.07839,0.062082,8e-05,0.00188,0.002846,0.002736,4.8e-05,0.0,7.6e-05,0.0
0.0228,0.803636,0.047716,0.07869,0.062194,7.8e-05,0.0019,0.002896,0.00276,5.4e-05,0.0,7.6e-05,0.0
0.023200000000000002,0.80302,0.047918,0.078932,0.0624,7.6e-05,0.001884,0.002878,0.00276,5.8e-05,0.0,7.4e-05,0.0
0.023600000000000003,0.802564,0.048104,0.0791,0.062494,7.6e-05,0.001844,0.002896,0.002792,5.4e-05,0.0,7.6e-05,0.0
0.024,0.802298,0.048074,0.079432,0.06243,8.2e-05,0.001802,0.00292,0.002832,5.4e-05,0.0,7.6e-05,0.0
0.0244,0.801812,0.04822,0.0797,0.062424,7.8e-05,0.001834,0.002916,0.00288,5.4e-05,0.0,8.2e-05,0.0
0.024800000000000003,0.801612,0.048112,0.079872,0.062606,8e-05,0.001822,0.002842,0.0029,6e-05,0.0,9.4e-05,0.0
0.025200000000000004,0.800938,0.04833,0.08004,0.062814,8.4e-05,0.001822,0.002888,0.00293,5.8e-05,0.0,9.6e-05,0.0
0.0256,0.80071,0.04839,0.080156,0.062802,8.6e-05,0.001864,0.002902,0.00294,6.4e-05,0.0,8.6e-05,0.0
0.026000000000000002,0.800022,0.048612,0.080546,0.062788,9e-05,0.001918,0.002916,0.002948,7.8e-05,0.0,8.2e-05,0.0
0.026400000000000003,0.799624,0.04857,0.080812,0.062872,9.4e-05,0.001946,0.00292,0.003012,7e-05,0.0,8e-05,0.0
0.0268,0.798964,0.048778,0.081224,0.06294,9.4e-05,0.001902,0.002902,0.003032,7.8e-05,0.0,8.6e-05,0.0
0.027200000000000002,0.798912,0.048778,0.081276,0.062806,8.8e-05,0.001954,0.002934,0.00308,8e-05,0.0,9.2e-05,0.0
0.027600000000000003,0.798338,0.048986,0.08138,0.063016,9.4e-05,0.00196,0.002996,0.003066,7.6e-05,0.0,8.8e-05,0.0
0.028000000000000004,0.79801,0.04896,0.08157,0.06318,9.4e-05,0.001958,0.00301,0.003056,7.4e-05,0.0,8.8e-05,0.0
0.0284,0.797422,0.04897,0.081908,0.063396,9.6e-05,0.001932,0.003038,0.003092,7.2e-05,0.0,7.4e-05,0.0
0.028800000000000003,0.79698,0.049142,0.08195,0.063602,0.000106,0.001954,0.003048,0.003068,6.8e-05,0.0,8.2e-05,0.0
0.029200000000000004,0.79622,0.049456,0.082142,0.063792,0.000112,0.001966,0.003062,0.003104,6.4e-05,0.0,8.2e-05,0.0
0.0296,0.795694,0.049762,0.08233,0.063874,0.000104,0.00193,0.003058,0.0031,6.2e-05,0.0,8.6e-05,0.0
0.030000000000000002,0.795212,0.049774,0.082592,0.06413,9.6e-05,0.001954,0.003004,0.003094,6e-05,0.0,8.4e-05,0.0
0.030400000000000003,0.795052,0.049744,0.082768,0.064056,9.2e-05,0.001968,0.00307,0.0031,7e-05,0.0,8e-05,0.0
0.0308,0.794818,0.049714,0.083002,0.06405,0.0001,0.001996,0.003064,0.00311,6.6e-05,0.0,8e-05,0.0
0.031200000000000002,0.794794,0.049584,0.083142,0.06406,0.0001,0.001988,0.003078,0.00311,6.2e-05,0.0,8.2e-05,0.0
0.0316,0.794592,0.049668,0.083236,0.064152,0.000104,0.002006,0.003032,0.003068,5.8e-05,0.0,8.4e-05,0.0
0.032,0.794578,0.04979,0.083272,0.063934,0.000102,0.00202,0.00306,0.00309,6.6e-05,0.0,8.8e-05,0.0
0.0324,0.794282,0.049954,0.083398,0.063926,9.8e-05,0.002024,0.003054,0.00311,6.2e-05,0.0,9.2e-05,0.0
0.032799999999999996,0.79395,0.050098,0.083608,0.063874,9.6e-05,0.001986,0.003072,0.003152,6.2e-05,0.0,0.000102,0.0
0.0332,0.793966,0.050186,0.083412,0.06399,9.6e-05,0.001968,0.00309,0.00313,6.4e-05,0.0,9.8e-05,0.0
0.0336,0.793834,0.050236,0.083482,0.064022,9e-05,0.001946,0.003086,0.003154,5.6e-05,0.0,9.4e-05,0.0
0.034,0.79378,0.050124,0.083662,0.063974,9.2e-05,0.001974,0.003102,0.003138,5.4e-05,0.0,0.0001,0.0
0.0344,0.793944,0.050148,0.083654,0.06377,9e-05,0.002012,0.003084,0.003152,5.6e-05,0.0,9e-05,0.0
0.0348,0.794028,0.050092,0.083544,0.063766,9.4e-05,0.002014,0.003122,0.003198,5.4e-05,0.0,8.8e-05,0.0
0.0352,0.793886,0.05009,0.083464,0.063976,8.4e-05,0.001972,0.003168,0.003204,6.6e-05,0.0,9e-05,0.0
0.0356,0.79409,0.050024,0.083388,0.06393,8.8e-05,0.001952,0.00319,0.00319,6.6e-05,0.0,8.2e-05,0.0
0.036,0.793856,0.050202,0.083286,0.064054,9.4e-05,0.00195,0.003214,0.003192,6.2e-05,0.0,9e-05,0.0
0.0364,0.793594,0.050348,0.083302,0.06415,9.8e-05,0.001908,0.00325,0.0032,6.2e-05,0.0,8.8e-05,0.0
0.0368,0.79357,0.050252,0.08349,0.064068,0.000104,0.001948,0.00325,0.00317,5.8e-05,0.0,9e-05,0.0
0.0372,0.793254,0.050408,0.0836,0.064062,0.000108,0.001936,0.003292,0.003184,6.6e-05,0.0,9e-05,0.0
0.0376,0.7927,0.050502,0.083842,0.064214,0.000118,0.001944,0.003336,0.0032,5.6e-05,0.0,8.8e-05,0.0
0.038,0.793084,0.05033,0.083694,0.064156,0.000112,0.001958,0.00332,0.003192,6.8e-05,0.0,8.6e-05,0.0
0.0384,0.792786,0.050238,0.083992,0.064222,0.000108,0.00195,0.003314,0.00324,6.6e-05,0.0,8.4e-05,0.0
0.0388,0.792852,0.05036,0.083816,0.064242,0.000106,0.001952,0.003296,0.00323,6.6e-05,0.0,8e-05,0.0
0.0392,0.792756,0.050346,0.083984,0.064118,0.000106,0.001978,0.003326,0.003234,7e-05,0.0,8.2e-05,0.0
0.039599999999999996,0.792886,0.050176,0.084024,0.064056,0.000102,0.002038,0.003286,0.003276,6.8e-05,0.0,8.8e-05,0.0
0.04,0.79283,0.050108,0.0842,0.064022,9.8e-05,0.002036,0.00329,0.003256,7e-05,0.0,9e-05,0.0
0.0404,0.792952,0.05005,0.084378,0.06385,9.2e-05,0.00199,0.00329,0.003234,7e-05,0.0,9.4e-05,0.0
0.0408,0.792984,0.049912,0.084514,0.063836,9.6e-05,0.002028,0.003252,0.003224,6.4e-05,0.0,9e-05,0.0
0.0412,0.793008,0.049934,0.084514,0.06383,9e-05,0.00201,0.003244,0.003216,6.6e-05,0.0,8.8e-05,0.0
0.0416,0.792848,0.04992,0.084704,0.06378,9.6e-05,0.002038,0.003238,0.003218,6.8e-05,0.0,9e-05,0.0
0.042,0.792944,0.049946,0.084686,0.063712,8.4e-05,0.002034,0.003212,0.003212,8e-05,0.0,9e-05,0.0
0.0424,0.79285,0.049908,0.084784,0.063798,9e-05,0.002008,0.003148,0.003224,9e-05,0.0,0.0001,0.0
0.0428,0.79274,0.04991,0.084844,0.06383,9e-05,0.00197,0.003164,0.003254,9e-05,0.0,0.000108,0.0
0.0432,0.792598,0.049894,0.08499,0.063906,9.8e-05,0.00196,0.003162,0.00319,9e-05,0.0,0.000112,0.0
0.0436,0.792266,0.04985,0.085058,0.064198,0.0001,0.001944,0.003188,0.003196,9.2e-05,0.0,0.000108,0.0
0.044,0.792466,0.0499,0.084946,0.064092,0.000112,0.001914,0.003166,0.003222,8.8e-05,0.0,9.4e-05,0.0
0.0444,0.792894,0.049642,0.085058,0.063804,0.000102,0.001964,0.003142,0.003198,0.000102,0.0,9.4e-05,0.0
0.0448,0.792526,0.049818,0.085098,0.063978,0.000102,0.001964,0.00312,0.003206,0.000102,0.0,8.6e-05,0.0
0.0452,0.792236,0.049808,0.085114,0.064214,0.000106,0.001978,0.003132,0.003224,0.0001,0.0,8.8e-05,0.0
0.0456,0.792076,0.049892,0.08512,0.064288,0.000106,0.001992,0.00312,0.00322,0.000102,0.0,8.4e-05,0.0
0.046,0.792032,0.049946,0.085032,0.064362,0.00011,0.001978,0.003098,0.003264,9.2e-05,0.0,8.6e-05,0.0
0.0464,0.792092,0.049824,0.08507,0.064342,0.000112,0.00199,0.00308,0.003316,9.2e-05,0.0,8.2e-05,0.0
0.0468,0.791922,0.049694,0.08513,0.064544,0.000114,0.001996,0.003092,0.00334,9.4e-05,0.0,7.4e-05,0.0
0.0472,0.791846,0.049712,0.085198,0.064496,0.000114,0.002008,0.003088,0.003368,9.2e-05,0.0,7.8e-05,0.0
0.047599999999999996,0.791794,0.049846,0.08517,0.06434,0.00012,0.002042,0.003152,0.00336,9.6e-05,0.0,8e-05,0.0
0.048,0.791476,0.0499,0.085194,0.064598,0.000122,0.002072,0.003158,0.003304,9e-05,0.0,8.6e-05,0.0
0.0484,0.791354,0.050164,0.085114,0.06447,0.000128,0.002084,0.00318,0.00333,8.6e-05,0.0,9e-05,0.0
0.0488,0.79129,0.050084,0.085094,0.064598,0.000124,0.002058,0.003166,0.003412,8.4e-05,0.0,9e-05,0.0
0.0492,0.79141,0.050092,0.085054,0.064566,0.000124,0.002078,0.003172,0.003338,8e-05,0.0,8.6e-05,0.0
0.0496,0.791688,0.050068,0.084828,0.064482,0.000118,0.002098,0.003206,0.003342,8.2e-05,0.0,8.8e-05,0.0
0.05,0.791392,0.050088,0.085016,0.064562,0.000112,0.002048,0.003262,0.003346,8.2e-05,0.0,9.2e-05,0.0
0.0504,0.79118,0.050116,0.085024,0.064686,0.00012,0.002064,0.003286,0.003362,8.2e-05,0.0,8e-05,0.0
0.0508,0.791128,0.050008,0.085246,0.064656,0.000118,0.002052,0.00328,0.00334,8.2e-05,0.0,9e-05,0.0
0.0512,0.790828,0.050072,0.08529,0.064914,0.000122,0.00206,0.003218,0.003328,8.4e-05,0.0,8.4e-05,0.0
0.0516,0.790524,0.050126,0.085586,0.06485,0.000126,0.002064,0.003242,0.003312,8.4e-05,0.0,8.6e-05,0.0
0.052,0.790446,0.050092,0.085726,0.064876,0.00013,0.001996,0.003228,0.00333,8.2e-05,0.0,9.4e-05,0.0
0.0524,0.790366,0.050174,0.085694,0.064912,0.000144,0.001974,0.003234,0.003344,6.8e-05,0.0,9e-05,0.0
0.0528,0.790056,0.050208,0.085844,0.065032,0.000138,0.00198,0.003264,0.003328,6.8e-05,0.0,8.2e-05,0.0
0.0532,0.790082,0.050182,0.085922,0.065092,0.000136,0.00197,0.00319,0.003274,7e-05,0.0,8.2e-05,0.0
0.0536,0.790208,0.050198,0.085782,0.065148,0.00014,0.00196,0.003138,0.003278,7e-05,0.0,7.8e-05,0.0
0.054,0.790104,0.050272,0.08582,0.065152,0.00015,0.001942,0.003104,0.003298,7e-05,0.0,8.8e-05,0.0
0.0544,0.790344,0.050276,0.08579,0.064946,0.000168,0.001936,0.00312,0.00327,7e-05,0.0,8e-05,0.0
0.0548,0.790468,0.050282,0.085928,0.064664,0.000168,0.001942,0.003128,0.003268,6.8e-05,0.0,8.4e-05,0.0
0.0552,0.790222,0.050448,0.085958,0.064628,0.000164,0.001958,0.003152,0.003302,8.2e-05,0.0,8.6e-05,0.0
0.055600000000000004,0.790292,0.050334,0.08613,0.064568,0.000152,0.001956,0.003122,0.003276,8.4e-05,0.0,8.6e-05,0.0
0.056,0.790676,0.050192,0.08591,0.064522,0.00015,0.001998,0.003134,0.003256,8e-05,0.0,8.2e-05,0.0
0.0564,0.790744,0.050132,0.085854,0.064596,0.00015,0.001972,0.003126,0.003264,7.8e-05,0.0,8.4e-05,0.0
0.0568,0.790762,0.050108,0.08585,0.064628,0.000144,0.001944,0.003132,0.003262,8.4e-05,0.0,8.6e-05,0.0
0.0572,0.790896,0.050186,0.085764,0.064438,0.000136,0.001998,0.003108,0.003286,8.8e-05,0.0,0.0001,0.0
0.0576,0.791048,0.050042,0.085832,0.064338,0.000132,0.002042,0.003084,0.003294,9.6e-05,0.0,9.2e-05,0.0
0.058,0.791098,0.050058,0.085838,0.0642,0.000144,0.002078,0.003108,0.003296,8.6e-05,0.0,9.4e-05,0.0
0.0584,0.79122,0.050224,0.085754,0.06404,0.00014,0.00203,0.003064,0.003344,8.8e-05,0.0,9.6e-05,0.0
0.0588,0.79127,0.050282,0.085678,0.064058,0.000144,0.002042,0.003046,0.003304,7.8e-05,0.0,9.8e-05,0.0
0.0592,0.79117,0.050414,0.085626,0.064078,0.000142,0.001996,0.003096,0.0033,9.2e-05,0.0,8.6e-05,0.0
0.0596,0.791366,0.050472,0.085488,0.063928,0.00014,0.001942,0.003164,0.003312,9.2e-05,0.0,9.6e-05,0.0
0.06,0.791362,0.050404,0.085508,0.064104,0.000144,0.0019,0.003108,0.003274,9.4e-05,0.0,0.000102,0.0
0.0604,0.791324,0.050298,0.085564,0.064208,0.000142,0.001904,0.003116,0.003258,9.2e-05,0.0,9.4e-05,0.0
0.0608,0.791314,0.050226,0.08573,0.064114,0.000136,0.001906,0.003108,0.003268,9.4e-05,0.0,0.000104,0.0
0.0612,0.791534,0.050146,0.085498,0.064226,0.000134,0.001936,0.003098,0.003222,9.2e-05,0.0,0.000114,0.0
0.0616,0.791568,0.050112,0.085328,0.064318,0.000142,0.00191,0.003156,0.00326,9.2e-05,0.0,0.000114,0.0
0.062,0.791586,0.05016,0.085074,0.0644,0.00015,0.001988,0.003144,0.003294,9.6e-05,0.0,0.000108,0.0
0.0624,0.791604,0.050062,0.08507,0.064456,0.00015,0.00202,0.003168,0.00327,9.6e-05,0.0,0.000104,0.0
0.06280000000000001,0.791748,0.049916,0.085098,0.064402,0.000146,0.00201,0.003216,0.003278,9.2e-05,0.0,9.4e-05,0.0
0.0632,0.791874,0.049972,0.085094,0.064178,0.000148,0.001998,0.00328,0.003272,8.6e-05,0.0,9.8e-05,0.0
0.0636,0.792036,0.04992,0.085084,0.064016,0.000152,0.002014,0.003336,0.003252,9e-05,0.0,0.0001,0.0
0.064,0.792238,0.049886,0.085016,0.063918,0.000152,0.002002,0.003346,0.00326,8.4e-05,0.0,9.8e-05,0.0
0.0644,0.79201,0.050072,0.085116,0.063882,0.000154,0.001996,0.003328,0.003258,8e-05,0.0,0.000104,0.0
0.0648,0.791988,0.050104,0.085104,0.063884,0.000152,0.002012,0.00332,0.00325,8.4e-05,0.0,0.000102,0.0
0.0652,0.792064,0.05009,0.085162,0.06378,0.000152,0.002018,0.003298,0.003248,8.8e-05,0.0,0.0001,0.0
0.0656,0.792152,0.050038,0.085094,0.063878,0.000144,0.002022,0.003266,0.003224,9.2e-05,0.0,9e-05,0.0
0.066,0.792362,0.049886,0.08505,0.063954,0.000136,0.001994,0.003238,0.003188,0.0001,0.0,9.2e-05,0.0
0.0664,0.792494,0.049876,0.084978,0.06385,0.00014,0.001986,0.003294,0.003202,9.6e-05,0.0,8.4e-05,0.0
0.0668,0.792582,0.049908,0.084884,0.063796,0.000142,0.002032,0.003282,0.0032,8.8e-05,0.0,8.6e-05,0.0
0.0672,0.79251,0.049828,0.085018,0.063782,0.000142,0.002056,0.003278,0.003212,9.2e-05,0.0,8.2e-05,0.0
0.06760000000000001,0.792462,0.049824,0.085174,0.063666,0.00014,0.002076,0.003262,0.003226,8.8e-05,0.0,8.2e-05,0.0
0.068,0.792596,0.049656,0.085338,0.063586,0.000144,0.002102,0.003176,0.003226,8.6e-05,0.0,9e-05,0.0
0.0684,0.792526,0.049664,0.08544,0.063568,0.00014,0.002056,0.0032,0.003222,9e-05,0.0,9.4e-05,0.0
0.0688,0.792656,0.049524,0.085312,0.063706,0.000148,0.002084,0.003194,0.003194,8.4e-05,0.0,9.8e-05,0.0
0.0692,0.792548,0.049552,0.085402,0.063686,0.000146,0.002104,0.003198,0.00317,9.2e-05,0.0,0.000102,0.0
0.0696,0.79239,0.04951,0.085482,0.063804,0.000144,0.002112,0.003186,0.003184,9.2e-05,0.0,9.6e-05,0.0
0.07,0.792174,0.049786,0.08545,0.063754,0.000146,0.002144,0.00319,0.003162,9e-05,0.0,0.000104,0.0
0.0704,0.791878,0.049762,0.085492,0.064002,0.00015,0.00215,0.003184,0.003194,8.4e-05,0.0,0.000104,0.0
0.0708,0.791694,0.049902,0.085534,0.064076,0.000146,0.002142,0.00316,0.003166,8.4e-05,0.0,9.6e-05,0.0
0.0712,0.791698,0.049958,0.085328,0.064232,0.000152,0.002116,0.003198,0.003148,7.8e-05,0.0,9.2e-05,0.0
0.0716,0.79184,0.049856,0.085112,0.064484,0.000152,0.002048,0.003204,0.003136,8.2e-05,0.0,8.6e-05,0.0
0.072,0.792026,0.049838,0.085032,0.064332,0.00015,0.002064,0.003226,0.003156,8.8e-05,0.0,8.8e-05,0.0
0.0724,0.79192,0.049792,0.085046,0.064406,0.000146,0.002084,0.003286,0.003154,8e-05,0.0,8.6e-05,0.0
0.0728,0.79201,0.049796,0.084822,0.064556,0.000142,0.002088,0.003278,0.003136,8e-05,0.0,9.2e-05,0.0
0.0732,0.792128,0.049792,0.084768,0.064492,0.000146,0.002092,0.00326,0.003154,8e-05,0.0,8.8e-05,0.0
0.0736,0.79207,0.049804,0.084894,0.064396,0.000142,0.002156,0.003218,0.003152,8.4e-05,0.0,8.4e-05,0.0
0.074,0.79229,0.049676,0.084852,0.064358,0.000138,0.002174,0.003172,0.003168,9.2e-05,0.0,8e-05,0.0
0.07440000000000001,0.792188,0.049642,0.084914,0.064452,0.000132,0.002152,0.003196,0.00316,9e-05,0.0,7.4e-05,0.0
0.0748,0.792162,0.049554,0.084912,0.064542,0.000144,0.002166,0.003206,0.003164,8.2e-05,0.0,6.8e-05,0.0
0.0752,0.792182,0.049578,0.084948,0.064412,0.000148,0.00217,0.00323,0.003186,8e-05,0.0,6.6e-05,0.0
0.0756,0.792118,0.049578,0.085076,0.064372,0.00015,0.002162,0.003224,0.00316,8.8e-05,0.0,7.2e-05,0.0
0.076,0.79175,0.04971,0.0853,0.064308,0.000146,0.002182,0.003228,0.003208,9.2e-05,0.0,7.6e-05,0.0
0.0764,0.791966,0.049674,0.0852,0.064278,0.000144,0.002128,0.003218,0.003222,9e-05,0.0,8e-05,0.0
0.07680000000000001,0.791984,0.049712,0.08519,0.064224,0.000158,0.002112,0.003228,0.003228,8.2e-05,0.0,8.2e-05,0.0
0.0772,0.791986,0.049706,0.08508,0.064366,0.000158,0.002152,0.003184,0.003192,8.8e-05,0.0,8.8e-05,0.0
0.0776,0.791992,0.049838,0.085082,0.064176,0.000158,0.002164,0.003196,0.003232,7.6e-05,0.0,8.6e-05,0.0
0.078,0.79175,0.050076,0.085186,0.064124,0.000164,0.00211,0.003172,0.003262,7.2e-05,0.0,8.4e-05,0.0
0.0784,0.791624,0.050144,0.085352,0.064084,0.000154,0.002064,0.00317,0.003236,8.8e-05,0.0,8.4e-05,0.0
0.0788,0.791684,0.05017,0.085294,0.064046,0.000156,0.001998,0.003192,0.003292,8.6e-05,0.0,8.2e-05,0.0
0.0792,0.791196,0.050404,0.08538,0.064162,0.000136,0.001972,0.003242,0.003334,9.2e-05,0.0,8.2e-05,0.0
0.0796,0.790902,0.050456,0.085462,0.064338,0.000136,0.00197,0.003226,0.003338,8.6e-05,0.0,8.6e-05,0.0
0.08,0.790992,0.050358,0.085248,0.0645,0.000136,0.002018,0.003242,0.003328,8.4e-05,0.0,9.4e-05,0.0
0.0804,0.79073,0.050336,0.085606,0.064548,0.000132,0.001968,0.003182,0.003314,8.2e-05,0.0,0.000102,0.0
0.0808,0.790922,0.050388,0.085486,0.064348,0.00013,0.002032,0.003172,0.003346,7.2e-05,0.0,0.000104,0.0
0.08120000000000001,0.79081,0.050348,0.085606,0.064356,0.00012,0.002054,0.003154,0.003364,7.4e-05,0.0,0.000114,0.0
0.0816,0.79069,0.050514,0.085572,0.06438,0.000114,0.00202,0.003168,0.003352,7.2e-05,0.0,0.000118,0.0
0.082,0.790862,0.05038,0.085554,0.064314,0.000118,0.002012,0.00319,0.003386,6.6e-05,0.0,0.000118,0.0
0.0824,0.790846,0.050366,0.085702,0.064192,0.000114,0.002012,0.003236,0.003356,6.2e-05,0.0,0.000114,0.0
0.0828,0.790926,0.05033,0.085682,0.064146,0.00011,0.002012,0.003244,0.003364,6.6e-05,0.0,0.00012,0.0
0.0832,0.790572,0.050446,0.08579,0.064306,0.000106,0.002044,0.003246,0.003304,6.8e-05,0.0,0.000118,0.0
0.08360000000000001,0.790604,0.050484,0.085742,0.064336,0.000108,0.002028,0.00325,0.003278,6.2e-05,0.0,0.000108,0.0
0.084,0.790428,0.050492,0.08584,0.064392,0.000116,0.00206,0.00321,0.00329,5.8e-05,0.0,0.000114,0.0
0.0844,0.790344,0.050368,0.085968,0.06443,0.000118,0.002088,0.003216,0.003274,6.6e-05,0.0,0.000128,0.0
0.0848,0.7903,0.050536,0.08594,0.06429,0.000124,0.00205,0.003268,0.003288,7.4e-05,0.0,0.00013,0.0
0.0852,0.79025,0.050558,0.08597,0.064352,0.00013,0.002032,0.00325,0.003252,7.2e-05,0.0,0.000134,0.0
0.0856,0.79028,0.050486,0.086012,0.064354,0.000134,0.002022,0.003224,0.0033,6.6e-05,0.0,0.000122,0.0
0.08600000000000001,0.790114,0.05062,0.086092,0.06434,0.000136,0.002012,0.003208,0.003292,6.6e-05,0.0,0.00012,0.0
0.0864,0.790314,0.050592,0.08596,0.064354,0.000132,0.00199,0.003154,0.003316,7e-05,0.0,0.000118,0.0
0.0868,0.790352,0.050694,0.085838,0.06431,0.00011,0.002026,0.003178,0.003296,8e-05,0.0,0.000116,0.0
0.0872,0.790308,0.050666,0.085804,0.064416,0.00011,0.002032,0.003206,0.003272,7.4e-05,0.0,0.000112,0.0
0.0876,0.790622,0.050588,0.085534,0.064522,0.000106,0.001976,0.00322,0.003248,7.6e-05,0.0,0.000108,0.0
0.088,0.790644,0.050454,0.085626,0.064454,0.00011,0.002026,0.003254,0.00325,7.6e-05,0.0,0.000106,0.0
0.0884,0.79034,0.050774,0.085688,0.064384,0.000108,0.002018,0.003228,0.00328,7.6e-05,0.0,0.000104,0.0
0.0888,0.790114,0.050826,0.085646,0.064606,9.8e-05,0.002018,0.003252,0.003252,8.2e-05,0.0,0.000106,0.0
0.0892,0.790162,0.050814,0.085658,0.064494,9.8e-05,0.002016,0.003304,0.003272,8.4e-05,0.0,9.8e-05,0.0
0.0896,0.790056,0.050786,0.085728,0.06452,0.000108,0.002028,0.0033,0.003278,8.8e-05,0.0,0.000108,0.0
0.09,0.789672,0.050864,0.085808,0.064712,0.000114,0.002032,0.003318,0.003286,8.6e-05,0.0,0.000108,0.0
0.09040000000000001,0.789852,0.050716,0.085748,0.06475,0.000114,0.00202,0.003308,0.003316,8e-05,0.0,9.6e-05,0.0
0.0908,0.789896,0.050692,0.085712,0.064756,0.000106,0.002048,0.003304,0.003314,8.2e-05,0.0,9e-05,0.0
0.0912,0.790086,0.050712,0.08564,0.064674,0.000108,0.002032,0.00325,0.003326,7.8e-05,0.0,9.4e-05,0.0
0.0916,0.790584,0.050524,0.0855,0.064584,0.0001,0.001998,0.003204,0.003324,7.8e-05,0.0,0.000104,0.0
0.092,0.790752,0.050574,0.085442,0.06444,9.6e-05,0.001964,0.003228,0.003318,8e-05,0.0,0.000106,0.0
0.0924,0.790926,0.050588,0.085268,0.064502,9.6e-05,0.00193,0.003196,0.003306,8e-05,0.0,0.000108,0.0
0.09280000000000001,0.79107,0.050522,0.085182,0.064512,0.000104,0.001936,0.0032,0.003294,6.6e-05,0.0,0.000114,0.0
0.0932,0.791,0.050458,0.085216,0.064634,0.000112,0.001948,0.003154,0.003312,5.6e-05,0.0,0.00011,0.0
0.0936,0.791106,0.050428,0.085192,0.06456,0.000108,0.001934,0.003132,0.003362,6.8e-05,0.0,0.00011,0.0
0.094,0.791108,0.05045,0.085168,0.064526,0.000114,0.001974,0.00314,0.00335,6.4e-05,0.0,0.000106,0.0
0.0944,0.790984,0.050358,0.085282,0.064604,0.000112,0.001972,0.003174,0.003344,7e-05,0.0,0.0001,0.0
0.0948,0.791078,0.050296,0.085206,0.064556,0.000114,0.001988,0.003216,0.003388,6.8e-05,0.0,9e-05,0.0
0.0952,0.791044,0.050408,0.08517,0.064558,0.000112,0.00194,0.003208,0.003396,7.6e-05,0.0,8.8e-05,0.0
0.0956,0.791256,0.050378,0.085148,0.064504,0.000106,0.001908,0.003166,0.003364,7.6e-05,0.0,9.4e-05,0.0
0.096,0.79132,0.050386,0.085124,0.064422,0.000104,0.001884,0.00318,0.0034,7.8e-05,0.0,0.000102,0.0
0.0964,0.791342,0.050382,0.08503,0.064502,0.0001,0.001892,0.00321,0.003368,8e-05,0.0,9.4e-05,0.0
0.0968,0.791258,0.050288,0.085244,0.064484,0.0001,0.001886,0.003214,0.00337,7e-05,0.0,8.6e-05,0.0
0.09720000000000001,0.791574,0.050376,0.085106,0.064198,9.6e-05,0.001894,0.003176,0.003422,7e-05,0.0,8.8e-05,0.0
0.0976,0.791658,0.05025,0.085226,0.064062,0.000102,0.001948,0.003178,0.003406,8.2e-05,0.0,8.8e-05,0.0
0.098,0.791746,0.050226,0.085244,0.063994,9.8e-05,0.00196,0.00314,0.00343,8e-05,0.0,8.2e-05,0.0
0.0984,0.791676,0.05027,0.08539,0.063866,9.6e-05,0.001968,0.003138,0.00343,8.2e-05,0.0,8.4e-05,0.0
0.0988,0.79175,0.050216,0.0854,0.063882,8.6e-05,0.001928,0.003166,0.003406,8.6e-05,0.0,8e-05,0.0
0.0992,0.791828,0.050164,0.08548,0.063794,8.8e-05,0.001944,0.00318,0.003356,8e-05,0.0,8.6e-05,0.0
0.09960000000000001,0.791884,0.050304,0.085358,0.06366,8.6e-05,0.001948,0.003226,0.003376,7.4e-05,0.0,8.4e-05,0.0
0.1,0.792018,0.050284,0.085358,0.06359,8.8e-05,0.001984,0.00318,0.003324,8.2e-05,0.0,9.2e-05,0.0
0.1004,0.79205,0.050326,0.085322,0.06355,8.6e-05,0.001972,0.003198,0.003314,8.8e-05,0.0,9.4e-05,0.0
0.1008,0.792082,0.050212,0.085282,0.063604,9.2e-05,0.001988,0.003262,0.003306,8.2e-05,0.0,9e-05,0.0
0.1012,0.792262,0.050176,0.08528,0.063448,0.000102,0.001986,0.003252,0.003326,7.4e-05,0.0,9.4e-05,0.0
0.1016,0.791998,0.05022,0.085368,0.063602,0.000104,0.001988,0.00325,0.003308,7e-05,0.0,9.2e-05,0.0
0.10200000000000001,0.792044,0.050092,0.08542,0.063674,0.000102,0.001966,0.003272,0.003276,6.8e-05,0.0,8.6e-05,0.0
0.1024,0.792096,0.05,0.085384,0.063714,0.000108,0.00197,0.003274,0.003318,5.6e-05,0.0,8e-05,0.0
0.1028,0.79228,0.049788,0.085382,0.06373,0.000112,0.001986,0.00328,0.003304,5e-05,0.0,8.8e-05,0.0
0.1032,0.792258,0.04983,0.08543,0.063694,0.000114,0.001958,0.003232,0.00333,5.4e-05,0.0,0.0001,0.0
0.1036,0.792038,0.049802,0.085528,0.06383,0.000112,0.00199,0.003232,0.003312,5.8e-05,0.0,9.8e-05,0.0
0.10400000000000001,0.791726,0.049878,0.085632,0.063996,0.000112,0.001982,0.003226,0.003294,5.6e-05,0.0,9.8e-05,0.0
0.1044,0.791588,0.04996,0.085622,0.064132,0.000112,0.001942,0.003208,0.003284,5.2e-05,0.0,0.0001,0.0
0.1048,0.791654,0.04998,0.085724,0.06385,0.000108,0.001954,0.003264,0.00331,7e-05,0.0,8.6e-05,0.0
0.1052,0.791926,0.049848,0.085548,0.063846,0.000108,0.00198,0.003332,0.003262,6.6e-05,0.0,8.4e-05,0.0
0.1056,0.791746,0.049904,0.085632,0.063858,0.000114,0.002002,0.003324,0.003262,6.6e-05,0.0,9.2e-05,0.0
0.106,0.791894,0.049786,0.085602,0.063912,0.000112,0.001962,0.003326,0.003256,6.4e-05,0.0,8.6e-05,0.0
0.10640000000000001,0.791684,0.04982,0.08565,0.064068,0.000118,0.001972,0.003268,0.003274,6.6e-05,0.0,8e-05,0.0
0.1068,0.79171,0.04982,0.08539,0.06433,0.00013,0.001946,0.003304,0.003236,5.6e-05,0.0,7.8e-05,0.0
0.1072,0.791702,0.049748,0.08553,0.064246,0.000118,0.001946,0.003326,0.003246,5.4e-05,0.0,8.4e-05,0.0
0.1076,0.791868,0.04976,0.085484,0.064158,0.000124,0.001946,0.003256,0.003246,6e-05,0.0,9.8e-05,0.0
0.108,0.791762,0.04966,0.08546,0.064354,0.000124,0.001948,0.003294,0.003232,6.6e-05,0.0,0.0001,0.0
0.1084,0.791688,0.049684,0.085544,0.064288,0.000126,0.001954,0.003304,0.003248,6.4e-05,0.0,0.0001,0.0
0.10880000000000001,0.791792,0.049594,0.085678,0.064192,0.000116,0.001924,0.003308,0.00323,6.4e-05,0.0,0.000102,0.0
0.1092,0.79225,0.049512,0.0854,0.064068,0.000112,0.001962,0.003324,0.003182,7.8e-05,0.0,0.000112,0.0
0.1096,0.792262,0.049502,0.085424,0.064024,0.000106,0.001934,0.003342,0.003208,9e-05,0.0,0.000108,0.0
0.11,0.792194,0.049542,0.085316,0.064096,0.000112,0.001968,0.003398,0.003176,9e-05,0.0,0.000108,0.0
0.1104,0.792116,0.049604,0.085298,0.064004,0.00012,0.002014,0.003434,0.003206,8.8e-05,0.0,0.000116,0.0
0.11080000000000001,0.791936,0.049674,0.085254,0.064142,0.000118,0.002018,0.003448,0.0032,9e-05,0.0,0.00012,0.0
0.11120000000000001,0.791932,0.049692,0.085344,0.064016,0.000124,0.002026,0.00343,0.003234,8.6e-05,0.0,0.000116,0.0
0.1116,0.792066,0.049672,0.085284,0.06402,0.000134,0.002014,0.003376,0.003228,8.2e-05,0.0,0.000124,0.0
0.112,0.79205,0.04975,0.085222,0.06406,0.000134,0.001984,0.003382,0.003214,7.8e-05,0.0,0.000126,0.0
0.1124,0.792052,0.04972,0.085326,0.063954,0.00014,0.002042,0.00335,0.003204,7.4e-05,0.0,0.000138,0.0
0.1128,0.792086,0.049746,0.085264,0.06397,0.000136,0.002074,0.003372,0.00314,7.8e-05,0.0,0.000134,0.0
0.11320000000000001,0.792098,0.049846,0.085288,0.063872,0.00014,0.00204,0.003344,0.003156,8.2e-05,0.0,0.000134,0.0
0.1136,0.791914,0.050022,0.085212,0.06399,0.000144,0.002032,0.003336,0.00313,8.4e-05,0.0,0.000136,0.0
0.114,0.791976,0.050074,0.085164,0.06384,0.000148,0.002062,0.003348,0.003174,7.6e-05,0.0,0.000138,0.0
0.1144,0.791866,0.050012,0.085232,0.063932,0.000144,0.00203,0.00341,0.00318,7.2e-05,0.0,0.000122,0.0
0.1148,0.791848,0.050096,0.085242,0.063838,0.000136,0.002022,0.003408,0.003214,6.8e-05,0.0,0.000128,0.0
0.1152,0.792084,0.05005,0.084976,0.063954,0.000134,0.002024,0.00342,0.003176,6.6e-05,0.0,0.000116,0.0
0.11560000000000001,0.792068,0.050112,0.084926,0.064034,0.000124,0.00202,0.003378,0.003156,7e-05,0.0,0.000112,0.0
0.116,0.79205,0.049978,0.085074,0.06401,0.000122,0.00203,0.003374,0.003182,7.2e-05,0.0,0.000108,0.0
0.1164,0.792028,0.049908,0.085218,0.06396,0.000122,0.002016,0.003358,0.003198,7.6e-05,0.0,0.000116,0.0
0.1168,0.792318,0.049902,0.085104,0.063768,0.00012,0.002058,0.003354,0.003182,7.6e-05,0.0,0.000118,0.0
0.1172,0.792386,0.04978,0.0851,0.063796,0.000114,0.002088,0.00334,0.003204,7.6e-05,0.0,0.000116,0.0
0.11760000000000001,0.792438,0.049848,0.085074,0.063746,0.000112,0.002088,0.00331,0.0032,7.4e-05,0.0,0.00011,0.0
0.11800000000000001,0.792426,0.049876,0.08488,0.064002,0.000108,0.002056,0.003252,0.00321,8.2e-05,0.0,0.000108,0.0
0.1184,0.792516,0.049886,0.084842,0.063958,0.000112,0.00209,0.003206,0.003192,9.4e-05,0.0,0.000104,0.0
0.1188,0.792322,0.04991,0.08475,0.064218,0.000112,0.002086,0.00322,0.003184,8.8e-05,0.0,0.00011,0.0
0.1192,0.792396,0.049758,0.084692,0.064306,0.000118,0.002074,0.003216,0.003248,7.6e-05,0.0,0.000116,0.0
0.1196,0.792382,0.04973,0.084596,0.064386,0.00012,0.00204,0.003258,0.003308,7.4e-05,0.0,0.000106,0.0
0.12000000000000001,0.79245,0.04972,0.08462,0.064382,0.000122,0.002042,0.003186,0.003294,7.6e-05,0.0,0.000108,0.0
0.12040000000000001,0.792838,0.049684,0.084416,0.064258,0.000104,0.002062,0.003176,0.003278,8e-05,0.0,0.000104,0.0
0.1208,0.792836,0.049682,0.084422,0.064214,0.000106,0.001996,0.003202,0.003356,8.4e-05,0.0,0.000102,0.0
0.1212,0.79265,0.049856,0.084348,0.064308,0.00011,0.001986,0.003208,0.003346,9e-05,0.0,9.8e-05,0.0
0.1216,0.792728,0.04986,0.084284,0.064272,0.0001,0.002028,0.003186,0.00335,9.2e-05,0.0,0.0001,0.0
0.122,0.79298,0.049754,0.084232,0.06425,0.0001,0.002014,0.003158,0.003334,8.6e-05,0.0,9.2e-05,0.0
0.12240000000000001,0.793156,0.049912,0.084114,0.063984,0.000112,0.002024,0.003174,0.003354,7.2e-05,0.0,9.8e-05,0.0
0.1228,0.793508,0.049864,0.084054,0.063744,0.00012,0.002066,0.003164,0.003316,6.6e-05,0.0,9.8e-05,0.0
0.1232,0.793588,0.049894,0.08404,0.063602,0.000114,0.002088,0.003146,0.003352,7.4e-05,0.0,0.000102,0.0
0.1236,0.793434,0.049856,0.08422,0.06363,0.000118,0.002066,0.003168,0.003334,8e-05,0.0,9.4e-05,0.0
0.124,0.793398,0.049826,0.084192,0.063802,0.000122,0.00202,0.00313,0.003338,7.8e-05,0.0,9.4e-05,0.0
0.1244,0.793818,0.049766,0.084034,0.063604,0.000128,0.002018,0.003136,0.003326,8.2e-05,0.0,8.8e-05,0.0
0.12480000000000001,0.79356,0.049942,0.084188,0.063532,0.000132,0.002044,0.00311,0.00333,7.6e-05,0.0,8.6e-05,0.0
0.1252,0.79344,0.050018,0.084206,0.063592,0.000136,0.002044,0.00309,0.003308,7.2e-05,0.0,9.4e-05,0.0
0.12560000000000002,0.793138,0.04991,0.084464,0.06375,0.000142,0.002,0.00314,0.003278,7.6e-05,0.0,0.000102,0.0
0.12600000000000003,0.793256,0.049888,0.084224,0.063874,0.000142,0.002018,0.003152,0.003274,7.4e-05,0.0,9.8e-05,0.0
0.1264,0.793022,0.049968,0.084316,0.063912,0.000134,0.001986,0.003188,0.003302,7e-05,0.0,0.000102,0.0
0.12680000000000002,0.792798,0.050092,0.084434,0.063978,0.000136,0.001964,0.003166,0.003252,7.4e-05,0.0,0.000106,0.0
0.1272,0.792868,0.04996,0.084376,0.064158,0.00013,0.001924,0.003188,0.003216,7.6e-05,0.0,0.000104,0.0
0.12760000000000002,0.79272,0.049956,0.08449,0.064146,0.00013,0.001944,0.0032,0.00324,7.2e-05,0.0,0.000102,0.0
0.12800000000000003,0.79257,0.049884,0.084592,0.064282,0.00013,0.001972,0.003148,0.003236,8.2e-05,0.0,0.000104,0.0
0.12840000000000001,0.792594,0.04984,0.08456,0.064262,0.000136,0.001998,0.003144,0.003276,8e-05,0.0,0.00011,0.0
0.12880000000000003,0.792866,0.049738,0.08441,0.06429,0.00015,0.002,0.003108,0.003268,6.2e-05,0.0,0.000108,0.0
0.1292,0.792918,0.049676,0.084386,0.064312,0.000154,0.00197,0.003158,0.003262,5.8e-05,0.0,0.000106,0.0
0.12960000000000002,0.792682,0.049736,0.084588,0.06418,0.000154,0.001988,0.00322,0.003284,6e-05,0.0,0.000108,0.0
0.13,0.792538,0.049784,0.084608,0.064246,0.000144,0.002044,0.003196,0.003262,6.2e-05,0.0,0.000116,0.0
0.13040000000000002,0.79208,0.050132,0.084674,0.064298,0.00014,0.002036,0.003182,0.003284,6e-05,0.0,0.000114,0.0
0.13080000000000003,0.792222,0.050032,0.084546,0.064422,0.000138,0.00198,0.003174,0.003308,6e-05,0.0,0.000118,0.0
0.1312,0.79206,0.05004,0.084674,0.064442,0.000144,0.001978,0.003162,0.003322,5.8e-05,0.0,0.00012,0.0
0.13160000000000002,0.792158,0.04992,0.08455,0.06461,0.000148,0.00197,0.003164,0.003302,5.6e-05,0.0,0.000122,0.0
0.132,0.792218,0.050006,0.084346,0.064692,0.000146,0.001992,0.00317,0.003256,5e-05,0.0,0.000124,0.0
0.13240000000000002,0.79231,0.05003,0.0842,0.064776,0.00014,0.001966,0.003126,0.00327,5.8e-05,0.0,0.000124,0.0
0.13280000000000003,0.792434,0.04995,0.084162,0.064764,0.000144,0.001988,0.003148,0.003232,5.8e-05,0.0,0.00012,0.0
0.1332,0.792306,0.050106,0.084166,0.064824,0.000134,0.001976,0.003096,0.003196,6.4e-05,0.0,0.000132,0.0
0.13360000000000002,0.792298,0.050102,0.084076,0.064888,0.000134,0.001994,0.003096,0.003214,6e-05,0.0,0.000138,0.0
0.134,0.792096,0.050294,0.084172,0.064764,0.000136,0.002,0.00313,0.00321,5.6e-05,0.0,0.000142,0.0
0.13440000000000002,0.792166,0.050392,0.084126,0.06467,0.000128,0.001988,0.00313,0.003202,6.2e-05,0.0,0.000136,0.0
0.13480000000000003,0.792178,0.050248,0.084166,0.064702,0.000124,0.001998,0.003158,0.003216,7.4e-05,0.0,0.000136,0.0
0.13520000000000001,0.792308,0.050014,0.084336,0.064658,0.000128,0.002008,0.003146,0.003204,7.2e-05,0.0,0.000126,0.0
0.13560000000000003,0.792268,0.05004,0.08438,0.064558,0.00013,0.001978,0.003228,0.003216,7.4e-05,0.0,0.000128,0.0
0.136,0.792268,0.050088,0.084404,0.064552,0.000118,0.001964,0.003214,0.003186,8.8e-05,0.0,0.000118,0.0
0.13640000000000002,0.792328,0.049968,0.084394,0.06458,0.000118,0.001978,0.003228,0.003212,8.4e-05,0.0,0.00011,0.0
0.1368,0.79229,0.050026,0.084442,0.06451,0.000118,0.001988,0.003226,0.00322,7.6e-05,0.0,0.000104,0.0
0.13720000000000002,0.792346,0.04996,0.084488,0.064534,0.000128,0.001944,0.003228,0.003198,7.2e-05,0.0,0.000102,0.0
0.13760000000000003,0.791752,0.050046,0.084774,0.064794,0.000136,0.001934,0.003202,0.00318,6.2e-05,0.0,0.00012,0.0
0.138,0.791714,0.050218,0.08462,0.06488,0.000122,0.001914,0.003204,0.003148,6.4e-05,0.0,0.000116,0.0
0.13840000000000002,0.791722,0.050242,0.0845,0.064852,0.000122,0.00196,0.00327,0.00315,6.2e-05,0.0,0.00012,0.0
0.1388,0.79179,0.050046,0.084486,0.06491,0.000116,0.00199,0.003304,0.003164,7e-05,0.0,0.000124,0.0
0.13920000000000002,0.791986,0.049888,0.0845,0.064876,0.000114,0.001988,0.003296,0.00315,6.8e-05,0.0,0.000134,0.0
0.13960000000000003,0.791562,0.050054,0.084704,0.06501,0.000116,0.001956,0.003228,0.003168,6.6e-05,0.0,0.000136,0.0
0.14,0.79122,0.050148,0.08489,0.065088,0.000104,0.001992,0.003158,0.003214,6e-05,0.0,0.000126,0.0
0.14040000000000002,0.791108,0.050146,0.085052,0.065036,0.000104,0.001992,0.00315,0.003222,6.4e-05,0.0,0.000126,0.0
0.1408,0.79134,0.05014,0.084968,0.064858,0.0001,0.001968,0.003194,0.003234,7.4e-05,0.0,0.000124,0.0
0.14120000000000002,0.791214,0.05028,0.084742,0.064986,9.8e-05,0.002012,0.003206,0.003258,7.4e-05,0.0,0.00013,0.0
0.14160000000000003,0.791392,0.050248,0.084596,0.064926,9.6e-05,0.002034,0.003194,0.003316,8.4e-05,0.0,0.000114,0.0
0.14200000000000002,0.791276,0.050188,0.084614,0.065066,0.000108,0.00199,0.003216,0.003346,7.8e-05,0.0,0.000118,0.0
0.14240000000000003,0.791384,0.05013,0.084686,0.06492,0.000112,0.002032,0.003202,0.003342,7.4e-05,0.0,0.000118,0.0
0.1428,0.791378,0.050102,0.08484,0.064768,0.000112,0.00203,0.00323,0.003346,7.4e-05,0.0,0.00012,0.0
0.14320000000000002,0.791466,0.050074,0.084796,0.064666,0.000102,0.002064,0.00327,0.00336,7.6e-05,0.0,0.000126,0.0
0.1436,0.791426,0.050162,0.084888,0.064514,0.000104,0.00204,0.003278,0.003384,7.8e-05,0.0,0.000126,0.0
0.14400000000000002,0.791594,0.050058,0.084778,0.064612,0.000112,0.00203,0.003238,0.003376,8.6e-05,0.0,0.000116,0.0
0.14440000000000003,0.791606,0.050052,0.08477,0.064602,0.00011,0.002018,0.003242,0.003402,8.6e-05,0.0,0.000112,0.0
0.1448,0.791784,0.050032,0.084688,0.064612,0.000118,0.001986,0.003198,0.00339,8e-05,0.0,0.000112,0.0
0.14520000000000002,0.791528,0.050112,0.084924,0.064584,0.000124,0.001952,0.003216,0.003368,6.6e-05,0.0,0.000126,0.0
0.1456,0.791846,0.050146,0.084848,0.064348,0.000122,0.001936,0.003216,0.003344,6e-05,0.0,0.000134,0.0
0.14600000000000002,0.791544,0.05029,0.084938,0.064502,0.000112,0.001892,0.003178,0.003352,6e-05,0.0,0.000132,0.0
0.14640000000000003,0.791702,0.05014,0.08505,0.06435,0.000118,0.001936,0.003152,0.003368,5.6e-05,0.0,0.000128,0.0
0.1468,0.79155,0.050156,0.085152,0.064422,0.000122,0.001942,0.00312,0.003358,5.2e-05,0.0,0.000126,0.0
0.14720000000000003,0.791278,0.05031,0.085284,0.064442,0.000116,0.001946,0.003118,0.003322,5.4e-05,0.0,0.00013,0.0
0.1476,0.79146,0.050232,0.08514,0.064464,0.000112,0.00199,0.003118,0.003306,6.4e-05,0.0,0.000114,0.0
0.14800000000000002,0.791448,0.050312,0.085086,0.064372,0.000102,0.001998,0.003174,0.00333,6.2e-05,0.0,0.000116,0.0
0.14840000000000003,0.79161,0.050366,0.084852,0.06439,0.000104,0.001998,0.003174,0.003332,6.4e-05,0.0,0.00011,0.0
0.14880000000000002,0.791294,0.050466,0.08493,0.064546,0.000108,0.001974,0.003158,0.003342,6.4e-05,0.0,0.000118,0.0
0.14920000000000003,0.791372,0.050412,0.084914,0.06449,0.000108,0.002014,0.00316,0.00335,6e-05,0.0,0.00012,0.0
0.1496,0.791378,0.050358,0.084866,0.064514,0.000108,0.002016,0.003186,0.003388,6.8e-05,0.0,0.000118,0.0
0.15000000000000002,0.7916,0.050228,0.08494,0.064374,0.000118,0.002022,0.003176,0.003364,6e-05,0.0,0.000118,0.0
0.1504,0.791466,0.050446,0.08489,0.064322,0.00011,0.002056,0.003176,0.003362,6.2e-05,0.0,0.00011,0.0
0.15080000000000002,0.791488,0.050556,0.084714,0.064374,0.000104,0.002038,0.00319,0.003358,7e-05,0.0,0.000108,0.0
0.15120000000000003,0.791648,0.05038,0.084696,0.06437,9.4e-05,0.002032,0.003236,0.003378,6.6e-05,0.0,0.0001,0.0
0.1516,0.791372,0.050482,0.084766,0.064424,8.8e-05,0.00208,0.003232,0.00338,6.4e-05,0.0,0.000112,0.0
0.15200000000000002,0.791486,0.050534,0.084728,0.064384,9.2e-05,0.002044,0.003168,0.003386,6.4e-05,0.0,0.000114,0.0
0.1524,0.791318,0.050632,0.084674,0.06444,8.6e-05,0.002076,0.003196,0.003404,6e-05,0.0,0.000114,0.0
0.15280000000000002,0.791284,0.050588,0.08455,0.064712,8.2e-05,0.00207,0.003168,0.003368,6.6e-05,0.0,0.000112,0.0
0.15320000000000003,0.791824,0.050434,0.084542,0.064302,8.4e-05,0.002072,0.0032,0.003372,7.2e-05,0.0,9.8e-05,0.0
0.15360000000000001,0.792062,0.050278,0.084416,0.064396,8e-05,0.002064,0.003164,0.003364,8e-05,0.0,9.6e-05,0.0
0.15400000000000003,0.791876,0.050228,0.084584,0.06448,8.4e-05,0.002036,0.003158,0.003382,7.8e-05,0.0,9.4e-05,0.0
0.1544,0.79195,0.050276,0.08454,0.064342,8.4e-05,0.002054,0.003196,0.003384,7.8e-05,0.0,9.6e-05,0.0
0.15480000000000002,0.792256,0.050068,0.084488,0.06427,9.2e-05,0.002064,0.003198,0.003392,7.8e-05,0.0,9.4e-05,0.0
0.15520000000000003,0.792144,0.050144,0.084408,0.064288,9.8e-05,0.002104,0.003236,0.003392,8.6e-05,0.0,0.0001,0.0
0.15560000000000002,0.791888,0.05028,0.084474,0.064344,9.8e-05,0.002096,0.00325,0.003374,9.6e-05,0.0,0.0001,0.0
0.15600000000000003,0.792206,0.050296,0.08436,0.0641,9.8e-05,0.002102,0.003248,0.003386,0.000106,0.0,9.8e-05,0.0
0.1564,0.792102,0.050184,0.084604,0.064042,0.000104,0.002094,0.003268,0.003402,0.000104,0.0,9.6e-05,0.0
0.15680000000000002,0.792198,0.050294,0.084458,0.064034,9.6e-05,0.002072,0.003286,0.003362,0.00011,0.0,9e-05,0.0
0.1572,0.792442,0.050258,0.084204,0.064204,9.8e-05,0.002044,0.003232,0.003324,0.000108,0.0,8.6e-05,0.0
0.15760000000000002,0.792262,0.050194,0.084432,0.064184,0.000104,0.002068,0.003254,0.003308,0.000108,0.0,8.6e-05,0.0
0.15800000000000003,0.792252,0.050262,0.084464,0.064212,0.000104,0.002026,0.003222,0.003266,0.000114,0.0,7.8e-05,0.0
0.1584,0.792462,0.050152,0.084438,0.064108,0.000112,0.002006,0.003206,0.003316,0.000116,0.0,8.4e-05,0.0
0.15880000000000002,0.792272,0.0502,0.08463,0.064018,0.000116,0.002042,0.003184,0.003344,0.000108,0.0,8.6e-05,0.0
0.1592,0.792502,0.0501,0.084642,0.06382,0.000128,0.00208,0.003164,0.003368,0.00011,0.0,8.6e-05,0.0
0.15960000000000002,0.79214,0.050162,0.08474,0.064088,0.000132,0.002034,0.003116,0.003374,0.000112,0.0,0.000102,0.0
0.16000000000000003,0.792038,0.05016,0.084898,0.064076,0.000136,0.002004,0.00314,0.003338,0.000102,0.0,0.000108,0.0
0.16040000000000001,0.791916,0.050046,0.084958,0.06433,0.000132,0.001996,0.0031,0.003308,0.00011,0.0,0.000104,0.0
0.16080000000000003,0.79179,0.049946,0.085106,0.064426,0.000142,0.001982,0.003086,0.003302,0.000108,0.0,0.000112,0.0
0.1612,0.791296,0.050028,0.085402,0.064562,0.00014,0.001972,0.00311,0.003268,0.000108,0.0,0.000114,0.0
0.16160000000000002,0.791214,0.049912,0.08552,0.064632,0.000144,0.001996,0.003084,0.003292,9.4e-05,0.0,0.000112,0.0
0.16200000000000003,0.791112,0.049928,0.085552,0.06466,0.000144,0.002032,0.00309,0.003286,8e-05,0.0,0.000116,0.0
0.16240000000000002,0.791256,0.049824,0.08558,0.064646,0.00014,0.001994,0.003074,0.003284,8.6e-05,0.0,0.000116,0.0
0.16280000000000003,0.791456,0.04993,0.085432,0.064494,0.000134,0.002014,0.003082,0.003254,9e-05,0.0,0.000114,0.0
0.1632,0.791292,0.049986,0.085526,0.064498,0.000134,0.002002,0.0031,0.003262,8.6e-05,0.0,0.000114,0.0
0.16360000000000002,0.791332,0.049918,0.085454,0.064488,0.000134,0.002048,0.003144,0.003278,8.6e-05,0.0,0.000118,0.0
0.164,0.79155,0.04975,0.085366,0.064502,0.000132,0.002054,0.003134,0.0033,8.6e-05,0.0,0.000126,0.0
0.16440000000000002,0.791682,0.049836,0.085166,0.064428,0.000138,0.002022,0.003182,0.003336,8.6e-05,0.0,0.000124,0.0
0.16480000000000003,0.791624,0.049876,0.08511,0.064462,0.00014,0.002032,0.003208,0.00334,9e-05,0.0,0.000118,0.0
0.1652,0.791588,0.049894,0.085144,0.064458,0.000134,0.002016,0.003222,0.003332,9.6e-05,0.0,0.000116,0.0
0.16560000000000002,0.791666,0.049788,0.08514,0.064548,0.00013,0.002002,0.003206,0.003312,0.000104,0.0,0.000104,0.0
0.166,0.792006,0.049746,0.084896,0.06448,0.000118,0.002042,0.003212,0.003294,0.000102,0.0,0.000104,0.0
0.16640000000000002,0.79194,0.049872,0.084942,0.064428,0.000106,0.002034,0.003196,0.00327,0.000104,0.0,0.000108,0.0
0.16680000000000003,0.79201,0.049962,0.084776,0.064438,0.000104,0.002048,0.003182,0.003264,0.000106,0.0,0.00011,0.0
0.16720000000000002,0.79231,0.049968,0.084544,0.064364,0.0001,0.002036,0.00318,0.003278,0.000116,0.0,0.000104,0.0
0.16760000000000003,0.791934,0.050036,0.084718,0.064516,0.000102,0.001976,0.003246,0.00326,0.00011,0.0,0.000102,0.0
0.168,0.791592,0.050094,0.0848,0.064736,0.00012,0.001974,0.00324,0.003244,0.0001,0.0,0.0001,0.0
0.16840000000000002,0.791478,0.050206,0.084804,0.064778,0.000128,0.00199,0.003204,0.003224,8.8e-05,0.0,0.0001,0.0
0.16880000000000003,0.791662,0.0501,0.084894,0.06453,0.000132,0.002,0.003208,0.003284,8.8e-05,0.0,0.000102,0.0
0.16920000000000002,0.79146,0.050132,0.08485,0.064776,0.000134,0.001982,0.003166,0.00331,8e-05,0.0,0.00011,0.0
0.16960000000000003,0.791174,0.050146,0.085062,0.064886,0.000134,0.001964,0.003126,0.00332,7.6e-05,0.0,0.000112,0.0
0.17,0.791566,0.050078,0.084968,0.064696,0.000128,0.001986,0.003126,0.00326,8.2e-05,0.0,0.00011,0.0
0.17040000000000002,0.791584,0.050048,0.085034,0.064586,0.000114,0.001976,0.003164,0.003294,9e-05,0.0,0.00011,0.0
0.1708,0.79171,0.050008,0.084964,0.06456,0.000118,0.001956,0.003196,0.003298,8.6e-05,0.0,0.000104,0.0
0.17120000000000002,0.791556,0.05005,0.085116,0.064582,0.000108,0.001954,0.003192,0.003252,9.4e-05,0.0,9.6e-05,0.0
0.17160000000000003,0.791672,0.049998,0.085024,0.064588,0.000114,0.00197,0.00319,0.003254,9.6e-05,0.0,9.4e-05,0.0
0.17200000000000001,0.791612,0.04994,0.085016,0.064636,0.00012,0.002006,0.0032,0.003284,9.8e-05,0.0,8.8e-05,0.0
0.17240000000000003,0.791336,0.050028,0.085064,0.064714,0.00012,0.00202,0.003208,0.003326,9.6e-05,0.0,8.8e-05,0.0
0.1728,0.79147,0.049984,0.084904,0.064758,0.000126,0.002032,0.003236,0.003314,9e-05,0.0,8.6e-05,0.0
0.17320000000000002,0.791236,0.049984,0.08512,0.064818,0.000134,0.00198,0.00322,0.00334,8.6e-05,0.0,8.2e-05,0.0
0.17360000000000003,0.791238,0.049824,0.085256,0.064826,0.00014,0.002008,0.003216,0.003326,8.6e-05,0.0,8e-05,0.0
0.17400000000000002,0.791638,0.049708,0.08506,0.064694,0.000136,0.00199,0.00326,0.00335,8.2e-05,0.0,8.2e-05,0.0
0.17440000000000003,0.791846,0.049534,0.08502,0.064718,0.000126,0.001968,0.00324,0.003368,9.2e-05,0.0,8.8e-05,0.0
0.1748,0.791828,0.049464,0.085116,0.064704,0.00012,0.002016,0.00323,0.003346,9e-05,0.0,8.6e-05,0.0
0.17520000000000002,0.791672,0.049538,0.085202,0.064632,0.00011,0.002032,0.00329,0.003348,9.2e-05,0.0,8.4e-05,0.0
0.1756,0.791614,0.049648,0.08524,0.064552,0.000106,0.002028,0.003258,0.003386,8.4e-05,0.0,8.4e-05,0.0
0.17600000000000002,0.791672,0.04971,0.085226,0.064404,0.000112,0.002046,0.003288,0.003374,7.8e-05,0.0,9e-05,0.0
0.17640000000000003,0.791742,0.049682,0.085164,0.064396,0.000116,0.002024,0.003292,0.003414,7.2e-05,0.0,9.8e-05,0.0
0.1768,0.791758,0.04965,0.085092,0.064482,0.000108,0.00205,0.003278,0.0034,8e-05,0.0,0.000102,0.0
0.17720000000000002,0.79223,0.049442,0.085104,0.064272,0.000116,0.00208,0.003224,0.003362,7.2e-05,0.0,9.8e-05,0.0
0.1776,0.791932,0.04969,0.08511,0.0643,0.000114,0.002066,0.003224,0.003394,7.2e-05,0.0,9.8e-05,0.0
0.17800000000000002,0.791878,0.04977,0.085044,0.064428,0.000116,0.00206,0.003158,0.00337,7.2e-05,0.0,0.000104,0.0
0.17840000000000003,0.791788,0.049896,0.085012,0.064442,0.000118,0.002002,0.003214,0.003352,7.2e-05,0.0,0.000104,0.0
0.17880000000000001,0.791804,0.049972,0.084888,0.064462,0.000124,0.001994,0.003234,0.003354,6.4e-05,0.0,0.000104,0.0
0.17920000000000003,0.791692,0.05004,0.084898,0.064444,0.000114,0.002004,0.003268,0.003366,7.2e-05,0.0,0.000102,0.0
0.1796,0.791494,0.05005,0.084924,0.064562,0.000118,0.002016,0.003276,0.003392,6.8e-05,0.0,0.0001,0.0
0.18000000000000002,0.791258,0.050082,0.085064,0.064546,0.00012,0.00201,0.003356,0.003402,6.8e-05,0.0,9.4e-05,0.0
0.18040000000000003,0.791422,0.050034,0.084926,0.064594,0.000116,0.002,0.00336,0.003378,7.6e-05,0.0,9.4e-05,0.0
0.18080000000000002,0.791158,0.05016,0.08502,0.06467,0.000114,0.00197,0.003362,0.003358,8e-05,0.0,0.000108,0.0
0.18120000000000003,0.79142,0.050106,0.084882,0.064594,0.000116,0.002006,0.003356,0.003326,7.6e-05,0.0,0.000118,0.0
0.1816,0.791564,0.050132,0.084826,0.064468,0.000114,0.002002,0.003386,0.003316,7.4e-05,0.0,0.000118,0.0
0.18200000000000002,0.791614,0.050242,0.08474,0.064402,0.00012,0.002026,0.003378,0.003292,7.4e-05,0.0,0.000112,0.0
0.1824,0.79126,0.050268,0.085054,0.064368,0.00013,0.002078,0.00339,0.003268,7.2e-05,0.0,0.000112,0.0
0.18280000000000002,0.791028,0.050318,0.085136,0.064452,0.000124,0.002078,0.003386,0.00328,8e-05,0.0,0.000118,0.0
0.18320000000000003,0.791244,0.050314,0.085068,0.064394,0.000124,0.002048,0.003344,0.003264,8.2e-05,0.0,0.000118,0.0
0.1836,0.791552,0.05018,0.084918,0.06439,0.000126,0.002028,0.003334,0.00327,8.4e-05,0.0,0.000118,0.0
0.18400000000000002,0.791704,0.050206,0.08482,0.064284,0.000118,0.002012,0.003338,0.003316,8.8e-05,0.0,0.000114,0.0
0.1844,0.79176,0.050156,0.084826,0.064304,0.000114,0.002008,0.003296,0.003324,8.8e-05,0.0,0.000124,0.0
0.18480000000000002,0.791712,0.050222,0.084804,0.06435,0.000114,0.002002,0.003294,0.003292,8.4e-05,0.0,0.000126,0.0
0.18520000000000003,0.79197,0.049952,0.084886,0.064234,0.000114,0.002018,0.003314,0.003306,8.8e-05,0.0,0.000118,0.0
0.18560000000000001,0.792134,0.049912,0.084914,0.064114,0.000118,0.001988,0.003316,0.00331,8.6e-05,0.0,0.000108,0.0
0.18600000000000003,0.791928,0.049954,0.08491,0.064388,0.000116,0.001956,0.003272,0.003272,9.4e-05,0.0,0.00011,0.0
0.1864,0.79172,0.05004,0.085014,0.064408,0.000126,0.001944,0.003262,0.003284,8.6e-05,0.0,0.000116,0.0
0.18680000000000002,0.79202,0.050024,0.084862,0.06431,0.000126,0.00194,0.003256,0.003258,8.4e-05,0.0,0.00012,0.0
0.18720000000000003,0.791952,0.050094,0.084948,0.064236,0.000122,0.001952,0.003208,0.003268,9.2e-05,0.0,0.000128,0.0
0.18760000000000002,0.791824,0.050194,0.084998,0.064212,0.000138,0.00193,0.003198,0.003298,8.4e-05,0.0,0.000124,0.0
0.18800000000000003,0.79153,0.050266,0.085082,0.064404,0.000128,0.001906,0.003186,0.00328,9e-05,0.0,0.000128,0.0
0.1884,0.791678,0.050152,0.085034,0.064442,0.00013,0.001876,0.003186,0.003278,9.4e-05,0.0,0.00013,0.0
0.18880000000000002,0.79178,0.050124,0.085052,0.064338,0.000128,0.00189,0.003152,0.003316,8.8e-05,0.0,0.000132,0.0
0.1892,0.791952,0.05011,0.08502,0.064096,0.000134,0.00193,0.003216,0.00333,8.8e-05,0.0,0.000124,0.0
0.18960000000000002,0.79182,0.050216,0.08504,0.064116,0.000132,0.001942,0.00319,0.003326,8.6e-05,0.0,0.000132,0.0
0.19000000000000003,0.791828,0.050204,0.084952,0.064204,0.000136,0.001944,0.003198,0.003326,7.2e-05,0.0,0.000136,0.0
0.1904,0.791806,0.050302,0.085002,0.064078,0.000126,0.001906,0.003252,0.003326,7.4e-05,0.0,0.000128,0.0
0.19080000000000003,0.791956,0.050186,0.085008,0.064062,0.000124,0.001928,0.003204,0.00332,8e-05,0.0,0.000132,0.0
0.1912,0.791822,0.050108,0.085142,0.064162,0.000128,0.001932,0.003214,0.003284,7.6e-05,0.0,0.000132,0.0
0.19160000000000002,0.791806,0.05012,0.085128,0.064302,0.00012,0.00188,0.003184,0.003248,8e-05,0.0,0.000132,0.0
0.19200000000000003,0.792104,0.050036,0.084912,0.064338,0.00013,0.001864,0.003182,0.00323,7.2e-05,0.0,0.000132,0.0
0.19240000000000002,0.791712,0.050186,0.084952,0.064494,0.000136,0.001882,0.00316,0.003266,8.6e-05,0.0,0.000126,0.0
0.19280000000000003,0.7917,0.050226,0.085084,0.064298,0.000138,0.001886,0.003224,0.003238,8.2e-05,0.0,0.000124,0.0
0.1932,0.791508,0.050268,0.08502,0.06448,0.00013,0.001898,0.003238,0.003236,9.2e-05,0.0,0.00013,0.0
0.19360000000000002,0.791396,0.050196,0.085146,0.064516,0.000132,0.001942,0.003214,0.00324,8.6e-05,0.0,0.000132,0.0
0.19400000000000003,0.79136,0.050394,0.085004,0.064464,0.000134,0.001942,0.003238,0.003254,8.4e-05,0.0,0.000126,0.0
0.19440000000000002,0.791398,0.05041,0.084888,0.06447,0.000128,0.001966,0.00332,0.003206,8.8e-05,0.0,0.000126,0.0
0.19480000000000003,0.791412,0.050418,0.084998,0.06433,0.000128,0.001938,0.003338,0.00323,8e-05,0.0,0.000128,0.0
0.1952,0.791454,0.0503,0.084998,0.064426,0.000122,0.001976,0.003306,0.003198,8.2e-05,0.0,0.000138,0.0
0.19560000000000002,0.791678,0.050352,0.084876,0.064326,0.000128,0.001922,0.003322,0.003186,7.8e-05,0.0,0.000132,0.0
0.196,0.79157,0.050366,0.084922,0.064302,0.00013,0.001938,0.003358,0.003198,8.6e-05,0.0,0.00013,0.0
0.19640000000000002,0.791318,0.05038,0.08516,0.064256,0.00013,0.001956,0.00335,0.003234,8.4e-05,0.0,0.000132,0.0
0.19680000000000003,0.79132,0.05038,0.085186,0.064286,0.00012,0.001962,0.003286,0.003234,9.4e-05,0.0,0.000132,0.0
0.19720000000000001,0.791038,0.05035,0.085238,0.064502,0.000124,0.001968,0.003286,0.003266,9.4e-05,0.0,0.000134,0.0
0.19760000000000003,0.79141,0.050386,0.08491,0.064454,0.000122,0.001986,0.003254,0.00326,9.4e-05,0.0,0.000124,0.0
0.198,0.791654,0.050234,0.084844,0.0644,0.000126,0.001972,0.003262,0.003304,8.8e-05,0.0,0.000116,0.0
0.19840000000000002,0.791744,0.050164,0.084716,0.064586,0.000122,0.001942,0.003228,0.003282,8.4e-05,0.0,0.000132,0.0
0.19880000000000003,0.791646,0.05018,0.084784,0.064618,0.000124,0.00195,0.003202,0.003278,8.2e-05,0.0,0.000136,0.0
0.19920000000000002,0.79147,0.050178,0.084748,0.064794,0.000122,0.001966,0.0032,0.003316,7.6e-05,0.0,0.00013,0.0
0.19960000000000003,0.79179,0.050066,0.084804,0.064526,0.000132,0.00198,0.0032,0.003308,7.8e-05,0.0,0.000116,0.0
0.2,0.79153,0.050154,0.084928,0.064544,0.000124,0.001986,0.003226,0.003302,8.2e-05,0.0,0.000124,0.0
